{
  "hash": "ae7cd530",
  "browserHash": "f4322660",
  "optimized": {
    "@angular/common": {
      "src": "../../../../../node_modules/@angular/common/fesm2022/common.mjs",
      "file": "@angular_common.js",
      "fileHash": "413aa3c4",
      "needsInterop": false
    },
    "@angular/common/http": {
      "src": "../../../../../node_modules/@angular/common/fesm2022/http.mjs",
      "file": "@angular_common_http.js",
      "fileHash": "e23a67fa",
      "needsInterop": false
    },
    "@angular/core": {
      "src": "../../../../../node_modules/@angular/core/fesm2022/core.mjs",
      "file": "@angular_core.js",
      "fileHash": "a64bd7a4",
      "needsInterop": false
    },
    "@angular/forms": {
      "src": "../../../../../node_modules/@angular/forms/fesm2022/forms.mjs",
      "file": "@angular_forms.js",
      "fileHash": "524e8de7",
      "needsInterop": false
    },
    "@angular/platform-browser": {
      "src": "../../../../../node_modules/@angular/platform-browser/fesm2022/platform-browser.mjs",
      "file": "@angular_platform-browser.js",
      "fileHash": "dc574254",
      "needsInterop": false
    },
    "@angular/router": {
      "src": "../../../../../node_modules/@angular/router/fesm2022/router.mjs",
      "file": "@angular_router.js",
      "fileHash": "783ed989",
      "needsInterop": false
    },
    "@ng-bootstrap/ng-bootstrap": {
      "src": "../../../../../node_modules/@ng-bootstrap/ng-bootstrap/fesm2022/ng-bootstrap.mjs",
      "file": "@ng-bootstrap_ng-bootstrap.js",
      "fileHash": "2b5ef30e",
      "needsInterop": false
    },
    "@ngx-translate/core": {
      "src": "../../../../../node_modules/@ngx-translate/core/dist/fesm2022/ngx-translate-core.mjs",
      "file": "@ngx-translate_core.js",
      "fileHash": "66d6227b",
      "needsInterop": false
    },
    "@ngx-translate/http-loader": {
      "src": "../../../../../node_modules/@ngx-translate/http-loader/dist/fesm2022/ngx-translate-http-loader.mjs",
      "file": "@ngx-translate_http-loader.js",
      "fileHash": "172c2025",
      "needsInterop": false
    },
    "@videogular/ngx-videogular/buffering": {
      "src": "../../../../../node_modules/@videogular/ngx-videogular/fesm2022/videogular-ngx-videogular-buffering.mjs",
      "file": "@videogular_ngx-videogular_buffering.js",
      "fileHash": "37e46a9a",
      "needsInterop": false
    },
    "@videogular/ngx-videogular/controls": {
      "src": "../../../../../node_modules/@videogular/ngx-videogular/fesm2022/videogular-ngx-videogular-controls.mjs",
      "file": "@videogular_ngx-videogular_controls.js",
      "fileHash": "d6caefd1",
      "needsInterop": false
    },
    "@videogular/ngx-videogular/core": {
      "src": "../../../../../node_modules/@videogular/ngx-videogular/fesm2022/videogular-ngx-videogular-core.mjs",
      "file": "@videogular_ngx-videogular_core.js",
      "fileHash": "ee84b136",
      "needsInterop": false
    },
    "@videogular/ngx-videogular/overlay-play": {
      "src": "../../../../../node_modules/@videogular/ngx-videogular/fesm2022/videogular-ngx-videogular-overlay-play.mjs",
      "file": "@videogular_ngx-videogular_overlay-play.js",
      "fileHash": "d90cae0e",
      "needsInterop": false
    },
    "rxjs": {
      "src": "../../../../../node_modules/rxjs/dist/esm5/index.js",
      "file": "rxjs.js",
      "fileHash": "329e7253",
      "needsInterop": false
    },
    "rxjs/operators": {
      "src": "../../../../../node_modules/rxjs/dist/esm5/operators/index.js",
      "file": "rxjs_operators.js",
      "fileHash": "ab95baea",
      "needsInterop": false
    }
  },
  "chunks": {
    "chunk-4E4VHFF7": {
      "file": "chunk-4E4VHFF7.js"
    },
    "chunk-HOZOEZP5": {
      "file": "chunk-HOZOEZP5.js"
    },
    "chunk-YENVJQ5L": {
      "file": "chunk-YENVJQ5L.js"
    },
    "chunk-GZJMSPYW": {
      "file": "chunk-GZJMSPYW.js"
    },
    "chunk-FRIKEHAD": {
      "file": "chunk-FRIKEHAD.js"
    },
    "chunk-HUWSEA2J": {
      "file": "chunk-HUWSEA2J.js"
    },
    "chunk-WI6LBH4V": {
      "file": "chunk-WI6LBH4V.js"
    },
    "chunk-BQTYKBYB": {
      "file": "chunk-BQTYKBYB.js"
    },
    "chunk-KDOJNZN6": {
      "file": "chunk-KDOJNZN6.js"
    },
    "chunk-HSNDBVJ3": {
      "file": "chunk-HSNDBVJ3.js"
    }
  }
}