[
  {
    "id": 17,
    "name_en": "The Handmaid's Tale",
    "name_vn": "Chuyện người hầu gái",
    "cover": "https://resizing.flixster.com/oUovJu-6glIZAkC3mTsPCAeVOEQ=/180x258/v2/https://resizing.flixster.com/dju8gM_B04ZUc1z5KsCrRmv-TMc=/ems.ZW1zLXByZC1hc3NldHMvdHZzZWFzb24vODVlZjhiMDYtNDA0MC00NWZjLTk5YzctYTJhN2M4ZGZlYmVjLnBuZw==",
    "rating": 3.45,
    "category": "Thriller",
    "reviews": []
  },
  {
    "id": 18,
    "name_en": "Only murders in the building",
    "name_vn": "Chỉ có án mạng trong tòa nhà",
    "cover": "https://resizing.flixster.com/j_i-5kWKUFGbHek-E_bzyfMwZoU=/180x258/v2/https://resizing.flixster.com/u5U9NV8nYN0OHt_CNRjRxrC4bkU=/ems.ZW1zLXByZC1hc3NldHMvdHZzZWFzb24vZjNiNjkxZjgtNzBkZC00ZTY0LWFmNzEtYzk3N2MwYjQ5ZThiLnBuZw==",
    "rating": 2.53,
    "category": "Crime",
    "reviews": []
  },
  {
    "id": 19,
    "name_en": "Nine perfect strangers",
    "name_vn": "Chín người lạ hoàn hảo",
    "cover": "https://resizing.flixster.com/yriBt2Hl10Q0nd8COvlzZ3xjBjc=/180x258/v2/https://resizing.flixster.com/5ujXoEX9vD22D_Q-Y0DhDH1KUPE=/ems.ZW1zLXByZC1hc3NldHMvdHZzZWFzb24vY2FiYTEyM2QtNWFkMi00MTE2LWJmYTUtODJkNjEyYWI0NzQ3LnBuZw==",
    "rating": 3.12,
    "category": "Animation",
    "reviews": []
  },
  {
    "id": 20,
    "name_en": "Solar Opposites",
    "name_vn": "Mặt trời đối lập",
    "cover": "https://resizing.flixster.com/bdnAgX9yiOosqfQq9BQA3H1QFh8=/180x258/v2/https://resizing.flixster.com/PHhwiYpYmFDHKQ99uh2cyumb_Ec=/ems.ZW1zLXByZC1hc3NldHMvdHZzZXJpZXMvNTgzMmQwZDUtNGRjYi00NGFhLWE2MGQtZDQzNDdhMmRiMDI4LmpwZw==",
    "rating": 4.45,
    "category": "Animation",
    "reviews": [
      {
        "author": "Albus Dumbledore",
        "published_on": "2021-10-13 11:27:39",
        "review": "Phim tuyệt vời!",
        "rating": 4.5
      }
    ]
  },
  {
    "id": 21,
    "name_en": "Shrill",
    "name_vn": "Sằng sặc",
    "cover": "https://resizing.flixster.com/oRGQ7wfOztZ8eR5QSTFqAi8lXfk=/180x258/v2/https://resizing.flixster.com/sdzIZZLrB27H_ylYTb3E901n6LI=/ems.ZW1zLXByZC1hc3NldHMvdHZzZWFzb24vNjE1MDg1ZDgtMGU4NC00MTQzLTgwODktNWZkYmE5N2FkZDdiLmpwZw==",
    "rating": 4.12,
    "category": "War",
    "reviews": []
  },
  {
    "id": 22,
    "name_en": "Pen15",
    "name_vn": "Bút15",
    "cover": "https://resizing.flixster.com/jSheSxrrniB6KjIrHKV725-qU_o=/180x258/v2/https://resizing.flixster.com/VqgoYN7k4CFX1gs2ZuRqW0t9FB8=/ems.ZW1zLXByZC1hc3NldHMvdHZzZWFzb24vOWRiNTQ0YzUtMjU4Ni00YTAwLThlZTgtOGFiMjU2NmE0YjcwLnBuZw==",
    "rating": 4.95,
    "category": "Horror",
    "reviews": []
  }
]
