{
  "posts": [
    {
      "id": 1,
      "firstName": "a",
      "lastName": "s",
      "email": "abhishek.connectrix@gmail.com",
      "mobile": "9877898765",
      "salary": "80,000"
    },
    {
      "id": 2,
      "firstName": "b",
      "lastName": "n",
      "email": "abhishek.connectrix@gmail.com",
      "mobile": "9877898765",
      "salary": "80,000"
    }
  ],
  "registerUser": [
    {
      "full": "a",
      "email": "lamdthe163085@fpt.edu.vn",
      "password": "123",
      "mobile": 12313123123,
      "id": 1
    },
    {
      "full": "a",
      "email": "lamdthe163085@fpt.edu.vn",
      "password": "123",
      "mobile": 23312312,
      "id": 2
    },
    {
      "full": "a",
      "email": "lamdthe163085@fpt.edu.vn",
      "password": "123",
      "mobile": 12312312312,
      "id": 3
    },
    {
      "full": "asdsadasd",
      "email": "lamdthe163085@fpt.edu.vn",
      "password": "123",
      "mobile": 21321312,
      "id": 4
    },
    {
      "full": "a",
      "email": "lamdthe16308@fpt.edu.vn",
      "password": "123",
      "mobile": 23312312,
      "id": 5
    },
    {
      "full": "asdsadasd",
      "email": "lamdthe1630@fpt.edu.vn",
      "password": "123",
      "mobile": 1312312312312,
      "id": 6
    },
    {
      "full": "asdsadasd222",
      "email": "lamdthe@fpt.edu.vn",
      "password": "123456",
      "mobile": 2131123123,
      "id": 7
    },
    {
      "full": "okok",
      "email": "hieupche163923@fpt.edu.vn",
      "password": "1",
      "mobile": 869098854,
      "id": 8
    },
    {
      "full": "ok",
      "email": "hieupche163923@fpt.edu.vn",
      "password": "1",
      "mobile": 869098854,
      "id": 9
    },
    {
      "full": "0869098854",
      "email": "hieupche163923@fpt.edu.vn",
      "password": "1",
      "mobile": 869098854,
      "id": 10
    },
    {
      "full": "okok",
      "email": "hieupche163923@fpt.edu.vn",
      "password": "1",
      "mobile": 869098854,
      "id": 11
    },
    {
      "full": "fjfjftjft",
      "email": "hieupche163923@fpt.edu.vn",
      "password": "1",
      "mobile": 869098854,
      "id": 12
    }
  ],
  "profile": {
    "name": "typicode"
  }
}